{
  "train": {
    "auc": 0.9268582686774912,
    "acc@0.5": 0.8586327409900331,
    "cm@0.5": [
      [
        5297,
        1093
      ],
      [
        6552,
        41137
      ]
    ]
  },
  "val": {
    "auc": 0.8740706882806272,
    "acc@0.5": 0.8409317803660565,
    "cm@0.5": [
      [
        508,
        202
      ],
      [
        754,
        4546
      ]
    ]
  },
  "test": {
    "auc": 0.9069398825520055,
    "acc@0.5": 0.8287260777111928,
    "cm@0.5": [
      [
        1401,
        372
      ],
      [
        514,
        2886
      ]
    ]
  },
  "note": "Threshold=0.5 is default. You should tune threshold on val for your use-case."
}